1,https://image.tmdb.org/t/p/w500/uXDfjJbdP4ijW5hWSBrPrlKpxab.jpg
2,https://upload.wikimedia.org/wikipedia/en/b/b6/Jumanji_poster.jpg
3,https://image.tmdb.org/t/p/w500/1FSXpj5e8l4KH6nVFO5SPUeraOt.jpg
4,https://image.tmdb.org/t/p/w500/3s9O5af2xWKWR5JzP2iJZpZeQQg.jpg
5,https://m.media-amazon.com/images/M/MV5BOTMwNzE2Y2YtNzZhMy00YTljLWI1MzQtMTI3YjkxYTg2NjRmXkEyXkFqcGc@._V1_FMjpg_UY473_.jpg 319w, https://m.media-amazon.com/images/M/MV5BOTMwNzE2Y2YtNzZhMy00YTljLWI1MzQtMTI3YjkxYTg2NjRmXkEyXkFqcGc@._V1_FMjpg_UY710_.jpg 479w, https://m.media-amazon.com/images/M/MV5BOTMwNzE2Y2YtNzZhMy00YTljLWI1MzQtMTI3YjkxYTg2NjRmXkEyXkFqcGc@._V1_FMjpg_UX580_.jpg 580w, https://m.media-amazon.com/images/M/MV5BOTMwNzE2Y2YtNzZhMy00YTljLWI1MzQtMTI3YjkxYTg2NjRmXkEyXkFqcGc@._V1_FMjpg_UY858_.jpg 580w
6,https://media.themoviedb.org/t/p/w300_and_h450_face/laBKPWuubfC5XEdExOTHq3HStVb.jpg
7,https://image.tmdb.org/t/p/w500/hN12586259n64c0X1Xj0X9Xz9X.jpg
8,https://image.tmdb.org/t/p/w500/z4x0Bp48ar3Mda8KiPD1n652Wq.jpg
9,https://image.tmdb.org/t/p/w500/2jfloY2aJ2k2Z2j2.jpg
10,https://image.tmdb.org/t/p/w500/5c0ovQPME0.jpg
11,https://image.tmdb.org/t/p/w500/yFihWxQcmqcaXdaDpxxjC.jpg
12,https://image.tmdb.org/t/p/w500/4rC8n6XZ.jpg
13,https://image.tmdb.org/t/p/w500/gV9v6M.jpg
14,https://image.tmdb.org/t/p/w500/c5454.jpg
15,https://image.tmdb.org/t/p/w500/x555.jpg
16,https://image.tmdb.org/t/p/w500/4T.jpg
17,https://image.tmdb.org/t/p/w500/1.jpg
18,https://image.tmdb.org/t/p/w500/2.jpg
19,https://image.tmdb.org/t/p/w500/3.jpg
20,https://image.tmdb.org/t/p/w500/4.jpg
21,https://image.tmdb.org/t/p/w500/yFihWxQcmqcaXdaDpxxjC.jpg
25,https://image.tmdb.org/t/p/w500/yFihWxQcmqcaXdaDpxxjC.jpg
32,https://image.tmdb.org/t/p/w500/aBw8zYuAljVM1qvKqlFcaMwYm0Z.jpg
34,https://image.tmdb.org/t/p/w500/b9gTJKLdSbwcQRKftjdV9tr8lHu.jpg
39,https://image.tmdb.org/t/p/w500/yFihWxQcmqcaXdaDpxxjC.jpg
47,https://image.tmdb.org/t/p/w500/6yoghtyTpznpBik8EngEmJskVUO.jpg
48,https://image.tmdb.org/t/p/w500/2lECpi35Hnbpa4y46JX0aY3AWTy.jpg
50,https://image.tmdb.org/t/p/w500/bUP17S2176nJ3R624s9f9k0p.jpg
110,https://image.tmdb.org/t/p/w500/or1gBugydmjToiUqIMRwMN56LXR.jpg
150,https://image.tmdb.org/t/p/w500/811DjJTon9gD6hZ8nCjSitaIXFQ.jpg
153,https://image.tmdb.org/t/p/w500/hN12586259n64c0X1Xj0X9Xz9X.jpg
161,https://image.tmdb.org/t/p/w500/hN12586259n64c0X1Xj0X9Xz9X.jpg
165,https://image.tmdb.org/t/p/w500/hN12586259n64c0X1Xj0X9Xz9X.jpg
260,https://image.tmdb.org/t/p/w500/6FfCtAuVAW8XJjZ7eWeLibRLWTw.jpg
293,https://image.tmdb.org/t/p/w500/fR2v2sN5m1G2tXF9rF8a5r5.jpg
296,https://image.tmdb.org/t/p/w500/d5iIlFn5s0ImszYzBPb8JPIfbXD.jpg
316,https://image.tmdb.org/t/p/w500/hN12586259n64c0X1Xj0X9Xz9X.jpg
318,https://image.tmdb.org/t/p/w500/q6y0Go1tsGEsmtFryDOJo3dEmqu.jpg
344,https://image.tmdb.org/t/p/w500/yFihWxQcmqcaXdaDpxxjC.jpg
356,https://image.tmdb.org/t/p/w500/saHP97rTPS5eLmrLQEcANmKrsFl.jpg
364,https://image.tmdb.org/t/p/w500/sKCr78MXSLixwmZ8DyJLrpMsd15.jpg
367,https://image.tmdb.org/t/p/w500/q719jXXEzOoYaps6babgKnONONX.jpg
377,https://image.tmdb.org/t/p/w500/u3bZgnGQ9TWASq28QCRuXFIAl2f.jpg
457,https://image.tmdb.org/t/p/w500/hN12586259n64c0X1Xj0X9Xz9X.jpg
480,https://image.tmdb.org/t/p/w500/oU7Oq2kFAAlGqbU4VoNCQaHTbdk.jpg
527,https://image.tmdb.org/t/p/w500/sF1U4EUQS8YHUYjNl3pTXMYnljO.jpg
541,https://image.tmdb.org/t/p/w500/3W0v956XxSG5xgm7LB6qu8ExYJ2.jpg
588,https://image.tmdb.org/t/p/w500/3s5mr6t2iZfW2N2Q9j4f4.jpg
589,https://image.tmdb.org/t/p/w500/vlxJHkBfC3QfS5k490.jpg
593,https://image.tmdb.org/t/p/w500/rplLJ2hPcOQmkFhTqUte0MkEaO2.jpg
608,https://image.tmdb.org/t/p/w500/w7RDIgQM6bLT7JXtH4i4.jpg
780,https://image.tmdb.org/t/p/w500/jS15a.jpg
858,https://image.tmdb.org/t/p/w500/3bhkrj58Vtu7enYsRolD1fZdja1.jpg
1097,https://image.tmdb.org/t/p/w500/prMUg4.jpg
1196,https://image.tmdb.org/t/p/w500/7BuH8itoDDemLo6YNEqUM8496l9.jpg
1197,https://image.tmdb.org/t/p/w500/7WsyChQLEftFiDOVTGkv3hFpyyt.jpg
1198,https://image.tmdb.org/t/p/w500/ceG9VzoRAVGwivFU403Wc3AHRys.jpg
1210,https://image.tmdb.org/t/p/w500/5UU3bY.jpg
1214,https://image.tmdb.org/t/p/w500/2TeJfUz3wolxUyLSAVjoPHpROJ.jpg
1240,https://image.tmdb.org/t/p/w500/eI28.jpg
1265,https://image.tmdb.org/t/p/w500/sl7F.jpg
1270,https://image.tmdb.org/t/p/w500/oZkT.jpg
1291,https://image.tmdb.org/t/p/w500/39d.jpg
1580,https://image.tmdb.org/t/p/w500/f89U3ADr1oiB1s9GkdPOEpXUk5H.jpg
1704,https://image.tmdb.org/t/p/w500/6WBeq4fCfn7AN0o21W9qNcRF2l9.jpg
1721,https://image.tmdb.org/t/p/w500/9xjZS2rlVxm8SFx8kPC3aIGCOYQ.jpg
2028,https://image.tmdb.org/t/p/w500/w2PMyoyLU22YvrGKQspY2j5RPp7.jpg
2329,https://image.tmdb.org/t/p/w500/xCIHBc3n11jG66e.jpg
2571,https://image.tmdb.org/t/p/w500/f89U3ADr1oiB1s9GkdPOEpXUk5H.jpg
2762,https://image.tmdb.org/t/p/w500/4q2NNj4S5dG2RLF9CpXsej7yXl.jpg
2858,https://image.tmdb.org/t/p/w500/h5J4W4ive189AmN.jpg
2959,https://image.tmdb.org/t/p/w500/pB8BM7pdSp6B6Ih7QZ4DrQ3PmJK.jpg
3578,https://image.tmdb.org/t/p/w500/uS15Au.jpg
3996,https://image.tmdb.org/t/p/w500/kiwO58MM.jpg
4226,https://image.tmdb.org/t/p/w500/khsj.jpg
4306,https://image.tmdb.org/t/p/w500/qJ2tW6WMUDux911r6m7haRef0WH.jpg
4886,https://image.tmdb.org/t/p/w500/eKi8dIr8mpCdD67.jpg
4993,https://image.tmdb.org/t/p/w500/6oom5QYQ2yQTMJIbnvbkBL9cHo6.jpg
5816,https://image.tmdb.org/t/p/w500/qjAH13.jpg
5952,https://image.tmdb.org/t/p/w500/5VTN0nR8Enthghbp5ECAu8.jpg
6377,https://image.tmdb.org/t/p/w500/eN1T.jpg
6539,https://image.tmdb.org/t/p/w500/t.jpg
6874,https://image.tmdb.org/t/p/w500/6u.jpg
7153,https://image.tmdb.org/t/p/w500/rCzpDGLbOoPwLjy3OAm5NUPOTrC.jpg
7361,https://image.tmdb.org/t/p/w500/kOVEVeg59E0ws.jpg
8961,https://image.tmdb.org/t/p/w500/2.jpg
33794,https://image.tmdb.org/t/p/w500/w.jpg
44191,https://image.tmdb.org/t/p/w500/w7.jpg
48780,https://image.tmdb.org/t/p/w500/ycTypeZ9.jpg
58559,https://image.tmdb.org/t/p/w500/qJ2tW6WMUDux911r6m7haRef0WH.jpg
59315,https://image.tmdb.org/t/p/w500/78lPtwv72eTNqFW9COBYI0dWDJa.jpg
60069,https://image.tmdb.org/t/p/w500/eWdyYQreja6JGCzqHWXpVr.jpg
68157,https://image.tmdb.org/t/p/w500/hE24GYddaxB9MVZl1C6tW.jpg
68954,https://image.tmdb.org/t/p/w500/or06FN3Dka5tukK1e9sl16pB3iy.jpg
72998,https://image.tmdb.org/t/p/w500/kyeqWdyUXW608qlYkRqosgbbJyK.jpg
79132,https://image.tmdb.org/t/p/w500/9gk7adHYeDvHkCSEqAvQNLV5Uge.jpg
79702,https://image.tmdb.org/t/p/w500/w9kR8qbmQ01HwnvK4alvnQ2ca0L.jpg
89745,https://image.tmdb.org/t/p/w500/RYMX2wcKCBAr24UyPD7xwmjaTn.jpg
91500,https://image.tmdb.org/t/p/w500/jRXYjXNq0Cs2TcJjLkki24MLp7u.jpg
91529,https://image.tmdb.org/t/p/w500/811DjJTon9gD6hZ8nCjSitaIXFQ.jpg
99114,https://image.tmdb.org/t/p/w500/4ss4052TqAV0oF4ue7xP7Q0Ev0h.jpg
109374,https://image.tmdb.org/t/p/w500/gEU2QniE6E77NI6lCU6MxlNBvIx.jpg
109487,https://image.tmdb.org/t/p/w500/gEU2QniE6E77NI6lCU6MxlNBvIx.jpg
112552,https://image.tmdb.org/t/p/w500/iiZZdoQBEYBv6id8su7ImL0oCbD.jpg
112852,https://image.tmdb.org/t/p/w500/74xTEgt7R36Fpooo50r9T25onhq.jpg
115617,https://image.tmdb.org/t/p/w500/rAiYTfKGqDCRIIqo664sY9XZIvQ.jpg
116797,https://image.tmdb.org/t/p/w500/3jcNjAUVNV94BT9Q3tVf5hX6g8I.jpg
122882,https://image.tmdb.org/t/p/w500/69Szs9l341Q0B33923q4852.jpg
122904,https://image.tmdb.org/t/p/w500/5Tsw7bJ9n9n5M5q2t7r4.jpg
122920,https://image.tmdb.org/t/p/w500/m1.jpg
134130,https://image.tmdb.org/t/p/w500/db32LaOibwEliAmSL2jjDF6oDdj.jpg
134853,https://image.tmdb.org/t/p/w500/jjBgi2r5cRt36xF6iNUEhzscEcb.jpg
139385,https://image.tmdb.org/t/p/w500/hE24GYddaxB9MVZl1C6tW.jpg
148626,https://image.tmdb.org/t/p/w500/xT98tLpV01RwgpldB9Z1t6.jpg
152081,https://image.tmdb.org/t/p/w500/czM5.jpg
164179,https://image.tmdb.org/t/p/w500/qjAH13.jpg
166528,https://image.tmdb.org/t/p/w500/yEs2.jpg
168252,https://image.tmdb.org/t/p/w500/tWqIfL5.jpg
174055,https://image.tmdb.org/t/p/w500/6Jj.jpg
176371,https://image.tmdb.org/t/p/w500/c9XxwwhPHdaImA2f1WEfEsbhaFB.jpg
177593,https://image.tmdb.org/t/p/w500/mY7SeH4HFFxW1hiI6cWuwCRKptN.jpg
177765,https://image.tmdb.org/t/p/w500/kOVEVeg59E0ws.jpg
179401,https://image.tmdb.org/t/p/w500/c9XxwwhPHdaImA2f1WEfEsbhaFB.jpg
179819,https://image.tmdb.org/t/p/w500/5.jpg
180031,https://image.tmdb.org/t/p/w500/8dTWj3c74bWw2p.jpg
183897,https://image.tmdb.org/t/p/w500/kOVEVeg59E0ws.jpg
187593,https://image.tmdb.org/t/p/w500/7WsyChQLEftFiDOVTGkv3hFpyyt.jpg
187595,https://image.tmdb.org/t/p/w500/q719jXXEzOoYaps6babgKnONONX.jpg